Financial.Year,Cat,Hours.Respondent,Gross.Respondent,Hours.Partner,Gross.Partner
2023-24,23+,0,0,0,0
2023-24,23+,1,10.42,1,10.42
2023-24,23+,2,20.84,2,20.84
2023-24,23+,3,31.26,3,31.26
2023-24,23+,4,41.68,4,41.68
2023-24,23+,5,52.1,5,52.1
2023-24,23+,6,62.52,6,62.52
2023-24,23+,7,72.94,7,72.94
2023-24,23+,8,83.36,8,83.36
2023-24,23+,9,93.78,9,93.78
2023-24,23+,10,104.2,10,104.2
2023-24,23+,11,114.62,11,114.62
2023-24,23+,12,125.04,12,125.04
2023-24,23+,13,135.46,13,135.46
2023-24,23+,14,145.88,14,145.88
2023-24,23+,15,156.3,15,156.3
2023-24,23+,16,166.72,16,166.72
2023-24,23+,17,177.14,17,177.14
2023-24,23+,18,187.56,18,187.56
2023-24,23+,19,197.98,19,197.98
2023-24,23+,20,208.4,20,208.4
2023-24,23+,21,218.82,21,218.82
2023-24,23+,22,229.24,22,229.24
2023-24,23+,23,239.66,23,239.66
2023-24,23+,24,250.08,24,250.08
2023-24,23+,25,260.5,25,260.5
2023-24,23+,26,270.92,26,270.92
2023-24,23+,27,281.34,27,281.34
2023-24,23+,28,291.76,28,291.76
2023-24,23+,29,302.18,29,302.18
2023-24,23+,30,312.6,30,312.6
2023-24,23+,31,323.02,31,323.02
2023-24,23+,32,333.44,32,333.44
2023-24,23+,33,343.86,33,343.86
2023-24,23+,34,354.28,34,354.28
2023-24,23+,35,364.7,35,364.7
2023-24,23+,36,375.12,36,375.12
2023-24,23+,37,385.54,37,385.54
2023-24,23+,38,395.96,38,395.96
2023-24,23+,39,406.38,39,406.38
2023-24,23+,40,416.8,40,416.8
2023-24,23+,41,427.22,41,427.22
2023-24,23+,42,437.64,42,437.64
2023-24,23+,43,448.06,43,448.06
2023-24,23+,44,458.48,44,458.48
2023-24,23+,45,468.9,45,468.9
2023-24,23+,46,479.32,46,479.32
2023-24,23+,47,489.74,47,489.74
2023-24,23+,48,500.16,48,500.16
2023-24,23+,49,510.58,49,510.58
2023-24,23+,50,521,50,521
2023-24,23+,51,531.42,51,531.42
2023-24,23+,52,541.84,52,541.84
2023-24,23+,53,552.26,53,552.26
2023-24,23+,54,562.68,54,562.68
2023-24,23+,55,573.1,55,573.1
2023-24,23+,56,583.52,56,583.52
2023-24,23+,57,593.94,57,593.94
2023-24,23+,58,604.36,58,604.36
2023-24,23+,59,614.78,59,614.78
2023-24,23+,60,625.2,60,625.2
2023-24,23+,61,635.62,61,635.62
2023-24,23+,62,646.04,62,646.04
2023-24,23+,63,656.46,63,656.46
2023-24,23+,64,666.88,64,666.88
2023-24,23+,65,677.3,65,677.3
2023-24,23+,66,687.72,66,687.72
2023-24,23+,67,698.14,67,698.14
2023-24,23+,68,708.56,68,708.56
2023-24,23+,69,718.98,69,718.98
2023-24,23+,70,729.4,70,729.4
2023-24,23+,71,739.82,71,739.82
2023-24,23+,72,750.24,72,750.24
2023-24,23+,73,760.66,73,760.66
2023-24,23+,74,771.08,74,771.08
2023-24,23+,75,781.5,75,781.5
2023-24,23+,76,791.92,76,791.92
2023-24,23+,77,802.34,77,802.34
2023-24,23+,78,812.76,78,812.76
2023-24,23+,79,823.18,79,823.18
2023-24,23+,80,833.6,80,833.6
2023-24,23+,81,844.02,81,844.02
2023-24,23+,82,854.44,82,854.44
2023-24,23+,83,864.86,83,864.86
2023-24,23+,84,875.28,84,875.28
2023-24,23+,85,885.7,85,885.7
2023-24,23+,86,896.12,86,896.12
2023-24,23+,87,906.54,87,906.54
2023-24,23+,88,916.96,88,916.96
2023-24,23+,89,927.38,89,927.38
2023-24,23+,90,937.8,90,937.8
2023-24,23+,91,948.22,91,948.22
2023-24,23+,92,958.64,92,958.64
2023-24,23+,93,969.06,93,969.06
2023-24,23+,94,979.48,94,979.48
2023-24,23+,95,989.9,95,989.9
2023-24,23+,96,1000.32,96,1000.32
2023-24,23+,97,1010.74,97,1010.74
2023-24,21-22,0,0,0,0
2023-24,21-22,1,10.18,1,10.18
2023-24,21-22,2,20.36,2,20.36
2023-24,21-22,3,30.54,3,30.54
2023-24,21-22,4,40.72,4,40.72
2023-24,21-22,5,50.9,5,50.9
2023-24,21-22,6,61.08,6,61.08
2023-24,21-22,7,71.26,7,71.26
2023-24,21-22,8,81.44,8,81.44
2023-24,21-22,9,91.62,9,91.62
2023-24,21-22,10,101.8,10,101.8
2023-24,21-22,11,111.98,11,111.98
2023-24,21-22,12,122.16,12,122.16
2023-24,21-22,13,132.34,13,132.34
2023-24,21-22,14,142.52,14,142.52
2023-24,21-22,15,152.7,15,152.7
2023-24,21-22,16,162.88,16,162.88
2023-24,21-22,17,173.06,17,173.06
2023-24,21-22,18,183.24,18,183.24
2023-24,21-22,19,193.42,19,193.42
2023-24,21-22,20,203.6,20,203.6
2023-24,21-22,21,213.78,21,213.78
2023-24,21-22,22,223.96,22,223.96
2023-24,21-22,23,234.14,23,234.14
2023-24,21-22,24,244.32,24,244.32
2023-24,21-22,25,254.5,25,254.5
2023-24,21-22,26,264.68,26,264.68
2023-24,21-22,27,274.86,27,274.86
2023-24,21-22,28,285.04,28,285.04
2023-24,21-22,29,295.22,29,295.22
2023-24,21-22,30,305.4,30,305.4
2023-24,21-22,31,315.58,31,315.58
2023-24,21-22,32,325.76,32,325.76
2023-24,21-22,33,335.94,33,335.94
2023-24,21-22,34,346.12,34,346.12
2023-24,21-22,35,356.3,35,356.3
2023-24,21-22,36,366.48,36,366.48
2023-24,21-22,37,376.66,37,376.66
2023-24,21-22,38,386.84,38,386.84
2023-24,21-22,39,397.02,39,397.02
2023-24,21-22,40,407.2,40,407.2
2023-24,21-22,41,417.38,41,417.38
2023-24,21-22,42,427.56,42,427.56
2023-24,21-22,43,437.74,43,437.74
2023-24,21-22,44,447.92,44,447.92
2023-24,21-22,45,458.1,45,458.1
2023-24,21-22,46,468.28,46,468.28
2023-24,21-22,47,478.46,47,478.46
2023-24,21-22,48,488.64,48,488.64
2023-24,21-22,49,498.82,49,498.82
2023-24,21-22,50,509,50,509
2023-24,21-22,51,519.18,51,519.18
2023-24,21-22,52,529.36,52,529.36
2023-24,21-22,53,539.54,53,539.54
2023-24,21-22,54,549.72,54,549.72
2023-24,21-22,55,559.9,55,559.9
2023-24,21-22,56,570.08,56,570.08
2023-24,21-22,57,580.26,57,580.26
2023-24,21-22,58,590.44,58,590.44
2023-24,21-22,59,600.62,59,600.62
2023-24,21-22,60,610.8,60,610.8
2023-24,21-22,61,620.98,61,620.98
2023-24,21-22,62,631.16,62,631.16
2023-24,21-22,63,641.34,63,641.34
2023-24,21-22,64,651.52,64,651.52
2023-24,21-22,65,661.7,65,661.7
2023-24,21-22,66,671.88,66,671.88
2023-24,21-22,67,682.06,67,682.06
2023-24,21-22,68,692.24,68,692.24
2023-24,21-22,69,702.42,69,702.42
2023-24,21-22,70,712.6,70,712.6
2023-24,21-22,71,722.78,71,722.78
2023-24,21-22,72,732.96,72,732.96
2023-24,21-22,73,743.14,73,743.14
2023-24,21-22,74,753.32,74,753.32
2023-24,21-22,75,763.5,75,763.5
2023-24,21-22,76,773.68,76,773.68
2023-24,21-22,77,783.86,77,783.86
2023-24,21-22,78,794.04,78,794.04
2023-24,21-22,79,804.22,79,804.22
2023-24,21-22,80,814.4,80,814.4
2023-24,21-22,81,824.58,81,824.58
2023-24,21-22,82,834.76,82,834.76
2023-24,21-22,83,844.94,83,844.94
2023-24,21-22,84,855.12,84,855.12
2023-24,21-22,85,865.3,85,865.3
2023-24,21-22,86,875.48,86,875.48
2023-24,21-22,87,885.66,87,885.66
2023-24,21-22,88,895.84,88,895.84
2023-24,21-22,89,906.02,89,906.02
2023-24,21-22,90,916.2,90,916.2
2023-24,21-22,91,926.38,91,926.38
2023-24,21-22,92,936.56,92,936.56
2023-24,21-22,93,946.74,93,946.74
2023-24,21-22,94,956.92,94,956.92
2023-24,21-22,95,967.1,95,967.1
2023-24,21-22,96,977.28,96,977.28
2023-24,21-22,97,987.46,97,987.46
2023-24,18-20,0,0,0,0
2023-24,18-20,1,7.49,1,7.49
2023-24,18-20,2,14.98,2,14.98
2023-24,18-20,3,22.47,3,22.47
2023-24,18-20,4,29.96,4,29.96
2023-24,18-20,5,37.45,5,37.45
2023-24,18-20,6,44.94,6,44.94
2023-24,18-20,7,52.43,7,52.43
2023-24,18-20,8,59.92,8,59.92
2023-24,18-20,9,67.41,9,67.41
2023-24,18-20,10,74.9,10,74.9
2023-24,18-20,11,82.39,11,82.39
2023-24,18-20,12,89.88,12,89.88
2023-24,18-20,13,97.37,13,97.37
2023-24,18-20,14,104.86,14,104.86
2023-24,18-20,15,112.35,15,112.35
2023-24,18-20,16,119.84,16,119.84
2023-24,18-20,17,127.33,17,127.33
2023-24,18-20,18,134.82,18,134.82
2023-24,18-20,19,142.31,19,142.31
2023-24,18-20,20,149.8,20,149.8
2023-24,18-20,21,157.29,21,157.29
2023-24,18-20,22,164.78,22,164.78
2023-24,18-20,23,172.27,23,172.27
2023-24,18-20,24,179.76,24,179.76
2023-24,18-20,25,187.25,25,187.25
2023-24,18-20,26,194.74,26,194.74
2023-24,18-20,27,202.23,27,202.23
2023-24,18-20,28,209.72,28,209.72
2023-24,18-20,29,217.21,29,217.21
2023-24,18-20,30,224.7,30,224.7
2023-24,18-20,31,232.19,31,232.19
2023-24,18-20,32,239.68,32,239.68
2023-24,18-20,33,247.17,33,247.17
2023-24,18-20,34,254.66,34,254.66
2023-24,18-20,35,262.15,35,262.15
2023-24,18-20,36,269.64,36,269.64
2023-24,18-20,37,277.13,37,277.13
2023-24,18-20,38,284.62,38,284.62
2023-24,18-20,39,292.11,39,292.11
2023-24,18-20,40,299.6,40,299.6
2023-24,18-20,41,307.09,41,307.09
2023-24,18-20,42,314.58,42,314.58
2023-24,18-20,43,322.07,43,322.07
2023-24,18-20,44,329.56,44,329.56
2023-24,18-20,45,337.05,45,337.05
2023-24,18-20,46,344.54,46,344.54
2023-24,18-20,47,352.03,47,352.03
2023-24,18-20,48,359.52,48,359.52
2023-24,18-20,49,367.01,49,367.01
2023-24,18-20,50,374.5,50,374.5
2023-24,18-20,51,381.99,51,381.99
2023-24,18-20,52,389.48,52,389.48
2023-24,18-20,53,396.97,53,396.97
2023-24,18-20,54,404.46,54,404.46
2023-24,18-20,55,411.95,55,411.95
2023-24,18-20,56,419.44,56,419.44
2023-24,18-20,57,426.93,57,426.93
2023-24,18-20,58,434.42,58,434.42
2023-24,18-20,59,441.91,59,441.91
2023-24,18-20,60,449.4,60,449.4
2023-24,18-20,61,456.89,61,456.89
2023-24,18-20,62,464.38,62,464.38
2023-24,18-20,63,471.87,63,471.87
2023-24,18-20,64,479.36,64,479.36
2023-24,18-20,65,486.85,65,486.85
2023-24,18-20,66,494.34,66,494.34
2023-24,18-20,67,501.83,67,501.83
2023-24,18-20,68,509.32,68,509.32
2023-24,18-20,69,516.81,69,516.81
2023-24,18-20,70,524.3,70,524.3
2023-24,18-20,71,531.79,71,531.79
2023-24,18-20,72,539.28,72,539.28
2023-24,18-20,73,546.77,73,546.77
2023-24,18-20,74,554.26,74,554.26
2023-24,18-20,75,561.75,75,561.75
2023-24,18-20,76,569.24,76,569.24
2023-24,18-20,77,576.73,77,576.73
2023-24,18-20,78,584.22,78,584.22
2023-24,18-20,79,591.71,79,591.71
2023-24,18-20,80,599.2,80,599.2
2023-24,18-20,81,606.69,81,606.69
2023-24,18-20,82,614.18,82,614.18
2023-24,18-20,83,621.67,83,621.67
2023-24,18-20,84,629.16,84,629.16
2023-24,18-20,85,636.65,85,636.65
2023-24,18-20,86,644.14,86,644.14
2023-24,18-20,87,651.63,87,651.63
2023-24,18-20,88,659.12,88,659.12
2023-24,18-20,89,666.61,89,666.61
2023-24,18-20,90,674.1,90,674.1
2023-24,18-20,91,681.59,91,681.59
2023-24,18-20,92,689.08,92,689.08
2023-24,18-20,93,696.57,93,696.57
2023-24,18-20,94,704.06,94,704.06
2023-24,18-20,95,711.55,95,711.55
2023-24,18-20,96,719.04,96,719.04
2023-24,18-20,97,726.53,97,726.53
2023-24,16-17,0,0,0,0
2023-24,16-17,1,5.28,1,5.28
2023-24,16-17,2,10.56,2,10.56
2023-24,16-17,3,15.84,3,15.84
2023-24,16-17,4,21.12,4,21.12
2023-24,16-17,5,26.4,5,26.4
2023-24,16-17,6,31.68,6,31.68
2023-24,16-17,7,36.96,7,36.96
2023-24,16-17,8,42.24,8,42.24
2023-24,16-17,9,47.52,9,47.52
2023-24,16-17,10,52.8,10,52.8
2023-24,16-17,11,58.08,11,58.08
2023-24,16-17,12,63.36,12,63.36
2023-24,16-17,13,68.64,13,68.64
2023-24,16-17,14,73.92,14,73.92
2023-24,16-17,15,79.2,15,79.2
2023-24,16-17,16,84.48,16,84.48
2023-24,16-17,17,89.76,17,89.76
2023-24,16-17,18,95.04,18,95.04
2023-24,16-17,19,100.32,19,100.32
2023-24,16-17,20,105.6,20,105.6
2023-24,16-17,21,110.88,21,110.88
2023-24,16-17,22,116.16,22,116.16
2023-24,16-17,23,121.44,23,121.44
2023-24,16-17,24,126.72,24,126.72
2023-24,16-17,25,132,25,132
2023-24,16-17,26,137.28,26,137.28
2023-24,16-17,27,142.56,27,142.56
2023-24,16-17,28,147.84,28,147.84
2023-24,16-17,29,153.12,29,153.12
2023-24,16-17,30,158.4,30,158.4
2023-24,16-17,31,163.68,31,163.68
2023-24,16-17,32,168.96,32,168.96
2023-24,16-17,33,174.24,33,174.24
2023-24,16-17,34,179.52,34,179.52
2023-24,16-17,35,184.8,35,184.8
2023-24,16-17,36,190.08,36,190.08
2023-24,16-17,37,195.36,37,195.36
2023-24,16-17,38,200.64,38,200.64
2023-24,16-17,39,205.92,39,205.92
2023-24,16-17,40,211.2,40,211.2
2023-24,16-17,41,216.48,41,216.48
2023-24,16-17,42,221.76,42,221.76
2023-24,16-17,43,227.04,43,227.04
2023-24,16-17,44,232.32,44,232.32
2023-24,16-17,45,237.6,45,237.6
2023-24,16-17,46,242.88,46,242.88
2023-24,16-17,47,248.16,47,248.16
2023-24,16-17,48,253.44,48,253.44
2023-24,16-17,49,258.72,49,258.72
2023-24,16-17,50,264,50,264
2023-24,16-17,51,269.28,51,269.28
2023-24,16-17,52,274.56,52,274.56
2023-24,16-17,53,279.84,53,279.84
2023-24,16-17,54,285.12,54,285.12
2023-24,16-17,55,290.4,55,290.4
2023-24,16-17,56,295.68,56,295.68
2023-24,16-17,57,300.96,57,300.96
2023-24,16-17,58,306.24,58,306.24
2023-24,16-17,59,311.52,59,311.52
2023-24,16-17,60,316.8,60,316.8
2023-24,16-17,61,322.08,61,322.08
2023-24,16-17,62,327.36,62,327.36
2023-24,16-17,63,332.64,63,332.64
2023-24,16-17,64,337.92,64,337.92
2023-24,16-17,65,343.2,65,343.2
2023-24,16-17,66,348.48,66,348.48
2023-24,16-17,67,353.76,67,353.76
2023-24,16-17,68,359.04,68,359.04
2023-24,16-17,69,364.32,69,364.32
2023-24,16-17,70,369.6,70,369.6
2023-24,16-17,71,374.88,71,374.88
2023-24,16-17,72,380.16,72,380.16
2023-24,16-17,73,385.44,73,385.44
2023-24,16-17,74,390.72,74,390.72
2023-24,16-17,75,396,75,396
2023-24,16-17,76,401.28,76,401.28
2023-24,16-17,77,406.56,77,406.56
2023-24,16-17,78,411.84,78,411.84
2023-24,16-17,79,417.12,79,417.12
2023-24,16-17,80,422.4,80,422.4
2023-24,16-17,81,427.68,81,427.68
2023-24,16-17,82,432.96,82,432.96
2023-24,16-17,83,438.24,83,438.24
2023-24,16-17,84,443.52,84,443.52
2023-24,16-17,85,448.8,85,448.8
2023-24,16-17,86,454.08,86,454.08
2023-24,16-17,87,459.36,87,459.36
2023-24,16-17,88,464.64,88,464.64
2023-24,16-17,89,469.92,89,469.92
2023-24,16-17,90,475.2,90,475.2
2023-24,16-17,91,480.48,91,480.48
2023-24,16-17,92,485.76,92,485.76
2023-24,16-17,93,491.04,93,491.04
2023-24,16-17,94,496.32,94,496.32
2023-24,16-17,95,501.6,95,501.6
2023-24,16-17,96,506.88,96,506.88
2023-24,16-17,97,512.16,97,512.16
2022-23,23+,0,0,0,0
2022-23,23+,1,9.5,1,9.5
2022-23,23+,2,19,2,19
2022-23,23+,3,28.5,3,28.5
2022-23,23+,4,38,4,38
2022-23,23+,5,47.5,5,47.5
2022-23,23+,6,57,6,57
2022-23,23+,7,66.5,7,66.5
2022-23,23+,8,76,8,76
2022-23,23+,9,85.5,9,85.5
2022-23,23+,10,95,10,95
2022-23,23+,11,104.5,11,104.5
2022-23,23+,12,114,12,114
2022-23,23+,13,123.5,13,123.5
2022-23,23+,14,133,14,133
2022-23,23+,15,142.5,15,142.5
2022-23,23+,16,152,16,152
2022-23,23+,17,161.5,17,161.5
2022-23,23+,18,171,18,171
2022-23,23+,19,180.5,19,180.5
2022-23,23+,20,190,20,190
2022-23,23+,21,199.5,21,199.5
2022-23,23+,22,209,22,209
2022-23,23+,23,218.5,23,218.5
2022-23,23+,24,228,24,228
2022-23,23+,25,237.5,25,237.5
2022-23,23+,26,247,26,247
2022-23,23+,27,256.5,27,256.5
2022-23,23+,28,266,28,266
2022-23,23+,29,275.5,29,275.5
2022-23,23+,30,285,30,285
2022-23,23+,31,294.5,31,294.5
2022-23,23+,32,304,32,304
2022-23,23+,33,313.5,33,313.5
2022-23,23+,34,323,34,323
2022-23,23+,35,332.5,35,332.5
2022-23,23+,36,342,36,342
2022-23,23+,37,351.5,37,351.5
2022-23,23+,38,361,38,361
2022-23,23+,39,370.5,39,370.5
2022-23,23+,40,380,40,380
2022-23,23+,41,389.5,41,389.5
2022-23,23+,42,399,42,399
2022-23,23+,43,408.5,43,408.5
2022-23,23+,44,418,44,418
2022-23,23+,45,427.5,45,427.5
2022-23,23+,46,437,46,437
2022-23,23+,47,446.5,47,446.5
2022-23,23+,48,456,48,456
2022-23,23+,49,465.5,49,465.5
2022-23,23+,50,475,50,475
2022-23,23+,51,484.5,51,484.5
2022-23,23+,52,494,52,494
2022-23,23+,53,503.5,53,503.5
2022-23,23+,54,513,54,513
2022-23,23+,55,522.5,55,522.5
2022-23,23+,56,532,56,532
2022-23,23+,57,541.5,57,541.5
2022-23,23+,58,551,58,551
2022-23,23+,59,560.5,59,560.5
2022-23,23+,60,570,60,570
2022-23,23+,61,579.5,61,579.5
2022-23,23+,62,589,62,589
2022-23,23+,63,598.5,63,598.5
2022-23,23+,64,608,64,608
2022-23,23+,65,617.5,65,617.5
2022-23,23+,66,627,66,627
2022-23,23+,67,636.5,67,636.5
2022-23,23+,68,646,68,646
2022-23,23+,69,655.5,69,655.5
2022-23,23+,70,665,70,665
2022-23,23+,71,674.5,71,674.5
2022-23,23+,72,684,72,684
2022-23,23+,73,693.5,73,693.5
2022-23,23+,74,703,74,703
2022-23,23+,75,712.5,75,712.5
2022-23,23+,76,722,76,722
2022-23,23+,77,731.5,77,731.5
2022-23,23+,78,741,78,741
2022-23,23+,79,750.5,79,750.5
2022-23,23+,80,760,80,760
2022-23,23+,81,769.5,81,769.5
2022-23,23+,82,779,82,779
2022-23,23+,83,788.5,83,788.5
2022-23,23+,84,798,84,798
2022-23,23+,85,807.5,85,807.5
2022-23,23+,86,817,86,817
2022-23,23+,87,826.5,87,826.5
2022-23,23+,88,836,88,836
2022-23,23+,89,845.5,89,845.5
2022-23,23+,90,855,90,855
2022-23,23+,91,864.5,91,864.5
2022-23,23+,92,874,92,874
2022-23,23+,93,883.5,93,883.5
2022-23,23+,94,893,94,893
2022-23,23+,95,902.5,95,902.5
2022-23,23+,96,912,96,912
2022-23,23+,97,921.5,97,921.5
2022-23,21-22,0,0,0,0
2022-23,21-22,1,9.18,1,9.18
2022-23,21-22,2,18.36,2,18.36
2022-23,21-22,3,27.54,3,27.54
2022-23,21-22,4,36.72,4,36.72
2022-23,21-22,5,45.9,5,45.9
2022-23,21-22,6,55.08,6,55.08
2022-23,21-22,7,64.26,7,64.26
2022-23,21-22,8,73.44,8,73.44
2022-23,21-22,9,82.62,9,82.62
2022-23,21-22,10,91.8,10,91.8
2022-23,21-22,11,100.98,11,100.98
2022-23,21-22,12,110.16,12,110.16
2022-23,21-22,13,119.34,13,119.34
2022-23,21-22,14,128.52,14,128.52
2022-23,21-22,15,137.7,15,137.7
2022-23,21-22,16,146.88,16,146.88
2022-23,21-22,17,156.06,17,156.06
2022-23,21-22,18,165.24,18,165.24
2022-23,21-22,19,174.42,19,174.42
2022-23,21-22,20,183.6,20,183.6
2022-23,21-22,21,192.78,21,192.78
2022-23,21-22,22,201.96,22,201.96
2022-23,21-22,23,211.14,23,211.14
2022-23,21-22,24,220.32,24,220.32
2022-23,21-22,25,229.5,25,229.5
2022-23,21-22,26,238.68,26,238.68
2022-23,21-22,27,247.86,27,247.86
2022-23,21-22,28,257.04,28,257.04
2022-23,21-22,29,266.22,29,266.22
2022-23,21-22,30,275.4,30,275.4
2022-23,21-22,31,284.58,31,284.58
2022-23,21-22,32,293.76,32,293.76
2022-23,21-22,33,302.94,33,302.94
2022-23,21-22,34,312.12,34,312.12
2022-23,21-22,35,321.3,35,321.3
2022-23,21-22,36,330.48,36,330.48
2022-23,21-22,37,339.66,37,339.66
2022-23,21-22,38,348.84,38,348.84
2022-23,21-22,39,358.02,39,358.02
2022-23,21-22,40,367.2,40,367.2
2022-23,21-22,41,376.38,41,376.38
2022-23,21-22,42,385.56,42,385.56
2022-23,21-22,43,394.74,43,394.74
2022-23,21-22,44,403.92,44,403.92
2022-23,21-22,45,413.1,45,413.1
2022-23,21-22,46,422.28,46,422.28
2022-23,21-22,47,431.46,47,431.46
2022-23,21-22,48,440.64,48,440.64
2022-23,21-22,49,449.82,49,449.82
2022-23,21-22,50,459,50,459
2022-23,21-22,51,468.18,51,468.18
2022-23,21-22,52,477.36,52,477.36
2022-23,21-22,53,486.54,53,486.54
2022-23,21-22,54,495.72,54,495.72
2022-23,21-22,55,504.9,55,504.9
2022-23,21-22,56,514.08,56,514.08
2022-23,21-22,57,523.26,57,523.26
2022-23,21-22,58,532.44,58,532.44
2022-23,21-22,59,541.62,59,541.62
2022-23,21-22,60,550.8,60,550.8
2022-23,21-22,61,559.98,61,559.98
2022-23,21-22,62,569.16,62,569.16
2022-23,21-22,63,578.34,63,578.34
2022-23,21-22,64,587.52,64,587.52
2022-23,21-22,65,596.7,65,596.7
2022-23,21-22,66,605.88,66,605.88
2022-23,21-22,67,615.06,67,615.06
2022-23,21-22,68,624.24,68,624.24
2022-23,21-22,69,633.42,69,633.42
2022-23,21-22,70,642.6,70,642.6
2022-23,21-22,71,651.78,71,651.78
2022-23,21-22,72,660.96,72,660.96
2022-23,21-22,73,670.14,73,670.14
2022-23,21-22,74,679.32,74,679.32
2022-23,21-22,75,688.5,75,688.5
2022-23,21-22,76,697.68,76,697.68
2022-23,21-22,77,706.86,77,706.86
2022-23,21-22,78,716.04,78,716.04
2022-23,21-22,79,725.22,79,725.22
2022-23,21-22,80,734.4,80,734.4
2022-23,21-22,81,743.58,81,743.58
2022-23,21-22,82,752.76,82,752.76
2022-23,21-22,83,761.94,83,761.94
2022-23,21-22,84,771.12,84,771.12
2022-23,21-22,85,780.3,85,780.3
2022-23,21-22,86,789.48,86,789.48
2022-23,21-22,87,798.66,87,798.66
2022-23,21-22,88,807.84,88,807.84
2022-23,21-22,89,817.02,89,817.02
2022-23,21-22,90,826.2,90,826.2
2022-23,21-22,91,835.38,91,835.38
2022-23,21-22,92,844.56,92,844.56
2022-23,21-22,93,853.74,93,853.74
2022-23,21-22,94,862.92,94,862.92
2022-23,21-22,95,872.1,95,872.1
2022-23,21-22,96,881.28,96,881.28
2022-23,21-22,97,890.46,97,890.46
2022-23,18-20,0,0,0,0
2022-23,18-20,1,6.83,1,6.83
2022-23,18-20,2,13.66,2,13.66
2022-23,18-20,3,20.49,3,20.49
2022-23,18-20,4,27.32,4,27.32
2022-23,18-20,5,34.15,5,34.15
2022-23,18-20,6,40.98,6,40.98
2022-23,18-20,7,47.81,7,47.81
2022-23,18-20,8,54.64,8,54.64
2022-23,18-20,9,61.47,9,61.47
2022-23,18-20,10,68.3,10,68.3
2022-23,18-20,11,75.13,11,75.13
2022-23,18-20,12,81.96,12,81.96
2022-23,18-20,13,88.79,13,88.79
2022-23,18-20,14,95.62,14,95.62
2022-23,18-20,15,102.45,15,102.45
2022-23,18-20,16,109.28,16,109.28
2022-23,18-20,17,116.11,17,116.11
2022-23,18-20,18,122.94,18,122.94
2022-23,18-20,19,129.77,19,129.77
2022-23,18-20,20,136.6,20,136.6
2022-23,18-20,21,143.43,21,143.43
2022-23,18-20,22,150.26,22,150.26
2022-23,18-20,23,157.09,23,157.09
2022-23,18-20,24,163.92,24,163.92
2022-23,18-20,25,170.75,25,170.75
2022-23,18-20,26,177.58,26,177.58
2022-23,18-20,27,184.41,27,184.41
2022-23,18-20,28,191.24,28,191.24
2022-23,18-20,29,198.07,29,198.07
2022-23,18-20,30,204.9,30,204.9
2022-23,18-20,31,211.73,31,211.73
2022-23,18-20,32,218.56,32,218.56
2022-23,18-20,33,225.39,33,225.39
2022-23,18-20,34,232.22,34,232.22
2022-23,18-20,35,239.05,35,239.05
2022-23,18-20,36,245.88,36,245.88
2022-23,18-20,37,252.71,37,252.71
2022-23,18-20,38,259.54,38,259.54
2022-23,18-20,39,266.37,39,266.37
2022-23,18-20,40,273.2,40,273.2
2022-23,18-20,41,280.03,41,280.03
2022-23,18-20,42,286.86,42,286.86
2022-23,18-20,43,293.69,43,293.69
2022-23,18-20,44,300.52,44,300.52
2022-23,18-20,45,307.35,45,307.35
2022-23,18-20,46,314.18,46,314.18
2022-23,18-20,47,321.01,47,321.01
2022-23,18-20,48,327.84,48,327.84
2022-23,18-20,49,334.67,49,334.67
2022-23,18-20,50,341.5,50,341.5
2022-23,18-20,51,348.33,51,348.33
2022-23,18-20,52,355.16,52,355.16
2022-23,18-20,53,361.99,53,361.99
2022-23,18-20,54,368.82,54,368.82
2022-23,18-20,55,375.65,55,375.65
2022-23,18-20,56,382.48,56,382.48
2022-23,18-20,57,389.31,57,389.31
2022-23,18-20,58,396.14,58,396.14
2022-23,18-20,59,402.97,59,402.97
2022-23,18-20,60,409.8,60,409.8
2022-23,18-20,61,416.63,61,416.63
2022-23,18-20,62,423.46,62,423.46
2022-23,18-20,63,430.29,63,430.29
2022-23,18-20,64,437.12,64,437.12
2022-23,18-20,65,443.95,65,443.95
2022-23,18-20,66,450.78,66,450.78
2022-23,18-20,67,457.61,67,457.61
2022-23,18-20,68,464.44,68,464.44
2022-23,18-20,69,471.27,69,471.27
2022-23,18-20,70,478.1,70,478.1
2022-23,18-20,71,484.93,71,484.93
2022-23,18-20,72,491.76,72,491.76
2022-23,18-20,73,498.59,73,498.59
2022-23,18-20,74,505.42,74,505.42
2022-23,18-20,75,512.25,75,512.25
2022-23,18-20,76,519.08,76,519.08
2022-23,18-20,77,525.91,77,525.91
2022-23,18-20,78,532.74,78,532.74
2022-23,18-20,79,539.57,79,539.57
2022-23,18-20,80,546.4,80,546.4
2022-23,18-20,81,553.23,81,553.23
2022-23,18-20,82,560.06,82,560.06
2022-23,18-20,83,566.89,83,566.89
2022-23,18-20,84,573.72,84,573.72
2022-23,18-20,85,580.55,85,580.55
2022-23,18-20,86,587.38,86,587.38
2022-23,18-20,87,594.21,87,594.21
2022-23,18-20,88,601.04,88,601.04
2022-23,18-20,89,607.87,89,607.87
2022-23,18-20,90,614.7,90,614.7
2022-23,18-20,91,621.53,91,621.53
2022-23,18-20,92,628.36,92,628.36
2022-23,18-20,93,635.19,93,635.19
2022-23,18-20,94,642.02,94,642.02
2022-23,18-20,95,648.85,95,648.85
2022-23,18-20,96,655.68,96,655.68
2022-23,18-20,97,662.51,97,662.51
2022-23,16-17,0,0,0,0
2022-23,16-17,1,4.81,1,4.81
2022-23,16-17,2,9.62,2,9.62
2022-23,16-17,3,14.43,3,14.43
2022-23,16-17,4,19.24,4,19.24
2022-23,16-17,5,24.05,5,24.05
2022-23,16-17,6,28.86,6,28.86
2022-23,16-17,7,33.67,7,33.67
2022-23,16-17,8,38.48,8,38.48
2022-23,16-17,9,43.29,9,43.29
2022-23,16-17,10,48.1,10,48.1
2022-23,16-17,11,52.91,11,52.91
2022-23,16-17,12,57.72,12,57.72
2022-23,16-17,13,62.53,13,62.53
2022-23,16-17,14,67.34,14,67.34
2022-23,16-17,15,72.15,15,72.15
2022-23,16-17,16,76.96,16,76.96
2022-23,16-17,17,81.77,17,81.77
2022-23,16-17,18,86.58,18,86.58
2022-23,16-17,19,91.39,19,91.39
2022-23,16-17,20,96.2,20,96.2
2022-23,16-17,21,101.01,21,101.01
2022-23,16-17,22,105.82,22,105.82
2022-23,16-17,23,110.63,23,110.63
2022-23,16-17,24,115.44,24,115.44
2022-23,16-17,25,120.25,25,120.25
2022-23,16-17,26,125.06,26,125.06
2022-23,16-17,27,129.87,27,129.87
2022-23,16-17,28,134.68,28,134.68
2022-23,16-17,29,139.49,29,139.49
2022-23,16-17,30,144.3,30,144.3
2022-23,16-17,31,149.11,31,149.11
2022-23,16-17,32,153.92,32,153.92
2022-23,16-17,33,158.73,33,158.73
2022-23,16-17,34,163.54,34,163.54
2022-23,16-17,35,168.35,35,168.35
2022-23,16-17,36,173.16,36,173.16
2022-23,16-17,37,177.97,37,177.97
2022-23,16-17,38,182.78,38,182.78
2022-23,16-17,39,187.59,39,187.59
2022-23,16-17,40,192.4,40,192.4
2022-23,16-17,41,197.21,41,197.21
2022-23,16-17,42,202.02,42,202.02
2022-23,16-17,43,206.83,43,206.83
2022-23,16-17,44,211.64,44,211.64
2022-23,16-17,45,216.45,45,216.45
2022-23,16-17,46,221.26,46,221.26
2022-23,16-17,47,226.07,47,226.07
2022-23,16-17,48,230.88,48,230.88
2022-23,16-17,49,235.69,49,235.69
2022-23,16-17,50,240.5,50,240.5
2022-23,16-17,51,245.31,51,245.31
2022-23,16-17,52,250.12,52,250.12
2022-23,16-17,53,254.93,53,254.93
2022-23,16-17,54,259.74,54,259.74
2022-23,16-17,55,264.55,55,264.55
2022-23,16-17,56,269.36,56,269.36
2022-23,16-17,57,274.17,57,274.17
2022-23,16-17,58,278.98,58,278.98
2022-23,16-17,59,283.79,59,283.79
2022-23,16-17,60,288.6,60,288.6
2022-23,16-17,61,293.41,61,293.41
2022-23,16-17,62,298.22,62,298.22
2022-23,16-17,63,303.03,63,303.03
2022-23,16-17,64,307.84,64,307.84
2022-23,16-17,65,312.65,65,312.65
2022-23,16-17,66,317.46,66,317.46
2022-23,16-17,67,322.27,67,322.27
2022-23,16-17,68,327.08,68,327.08
2022-23,16-17,69,331.89,69,331.89
2022-23,16-17,70,336.7,70,336.7
2022-23,16-17,71,341.51,71,341.51
2022-23,16-17,72,346.32,72,346.32
2022-23,16-17,73,351.13,73,351.13
2022-23,16-17,74,355.94,74,355.94
2022-23,16-17,75,360.75,75,360.75
2022-23,16-17,76,365.56,76,365.56
2022-23,16-17,77,370.37,77,370.37
2022-23,16-17,78,375.18,78,375.18
2022-23,16-17,79,379.99,79,379.99
2022-23,16-17,80,384.8,80,384.8
2022-23,16-17,81,389.61,81,389.61
2022-23,16-17,82,394.42,82,394.42
2022-23,16-17,83,399.23,83,399.23
2022-23,16-17,84,404.04,84,404.04
2022-23,16-17,85,408.85,85,408.85
2022-23,16-17,86,413.66,86,413.66
2022-23,16-17,87,418.47,87,418.47
2022-23,16-17,88,423.28,88,423.28
2022-23,16-17,89,428.09,89,428.09
2022-23,16-17,90,432.9,90,432.9
2022-23,16-17,91,437.71,91,437.71
2022-23,16-17,92,442.52,92,442.52
2022-23,16-17,93,447.33,93,447.33
2022-23,16-17,94,452.14,94,452.14
2022-23,16-17,95,456.95,95,456.95
2022-23,16-17,96,461.76,96,461.76
2022-23,16-17,97,466.57,97,466.57
2021-22,23+,0,0,0,0
2021-22,23+,1,8.91,1,8.91
2021-22,23+,2,17.82,2,17.82
2021-22,23+,3,26.73,3,26.73
2021-22,23+,4,35.64,4,35.64
2021-22,23+,5,44.55,5,44.55
2021-22,23+,6,53.46,6,53.46
2021-22,23+,7,62.37,7,62.37
2021-22,23+,8,71.28,8,71.28
2021-22,23+,9,80.19,9,80.19
2021-22,23+,10,89.1,10,89.1
2021-22,23+,11,98.01,11,98.01
2021-22,23+,12,106.92,12,106.92
2021-22,23+,13,115.83,13,115.83
2021-22,23+,14,124.74,14,124.74
2021-22,23+,15,133.65,15,133.65
2021-22,23+,16,142.56,16,142.56
2021-22,23+,17,151.47,17,151.47
2021-22,23+,18,160.38,18,160.38
2021-22,23+,19,169.29,19,169.29
2021-22,23+,20,178.2,20,178.2
2021-22,23+,21,187.11,21,187.11
2021-22,23+,22,196.02,22,196.02
2021-22,23+,23,204.93,23,204.93
2021-22,23+,24,213.84,24,213.84
2021-22,23+,25,222.75,25,222.75
2021-22,23+,26,231.66,26,231.66
2021-22,23+,27,240.57,27,240.57
2021-22,23+,28,249.48,28,249.48
2021-22,23+,29,258.39,29,258.39
2021-22,23+,30,267.3,30,267.3
2021-22,23+,31,276.21,31,276.21
2021-22,23+,32,285.12,32,285.12
2021-22,23+,33,294.03,33,294.03
2021-22,23+,34,302.94,34,302.94
2021-22,23+,35,311.85,35,311.85
2021-22,23+,36,320.76,36,320.76
2021-22,23+,37,329.67,37,329.67
2021-22,23+,38,338.58,38,338.58
2021-22,23+,39,347.49,39,347.49
2021-22,23+,40,356.4,40,356.4
2021-22,23+,41,365.31,41,365.31
2021-22,23+,42,374.22,42,374.22
2021-22,23+,43,383.13,43,383.13
2021-22,23+,44,392.04,44,392.04
2021-22,23+,45,400.95,45,400.95
2021-22,23+,46,409.86,46,409.86
2021-22,23+,47,418.77,47,418.77
2021-22,23+,48,427.68,48,427.68
2021-22,23+,49,436.59,49,436.59
2021-22,23+,50,445.5,50,445.5
2021-22,23+,51,454.41,51,454.41
2021-22,23+,52,463.32,52,463.32
2021-22,23+,53,472.23,53,472.23
2021-22,23+,54,481.14,54,481.14
2021-22,23+,55,490.05,55,490.05
2021-22,23+,56,498.96,56,498.96
2021-22,23+,57,507.87,57,507.87
2021-22,23+,58,516.78,58,516.78
2021-22,23+,59,525.69,59,525.69
2021-22,23+,60,534.6,60,534.6
2021-22,23+,61,543.51,61,543.51
2021-22,23+,62,552.42,62,552.42
2021-22,23+,63,561.33,63,561.33
2021-22,23+,64,570.24,64,570.24
2021-22,23+,65,579.15,65,579.15
2021-22,23+,66,588.06,66,588.06
2021-22,23+,67,596.97,67,596.97
2021-22,23+,68,605.88,68,605.88
2021-22,23+,69,614.79,69,614.79
2021-22,23+,70,623.7,70,623.7
2021-22,23+,71,632.61,71,632.61
2021-22,23+,72,641.52,72,641.52
2021-22,23+,73,650.43,73,650.43
2021-22,23+,74,659.34,74,659.34
2021-22,23+,75,668.25,75,668.25
2021-22,23+,76,677.16,76,677.16
2021-22,23+,77,686.07,77,686.07
2021-22,23+,78,694.98,78,694.98
2021-22,23+,79,703.89,79,703.89
2021-22,23+,80,712.8,80,712.8
2021-22,23+,81,721.71,81,721.71
2021-22,23+,82,730.62,82,730.62
2021-22,23+,83,739.53,83,739.53
2021-22,23+,84,748.44,84,748.44
2021-22,23+,85,757.35,85,757.35
2021-22,23+,86,766.26,86,766.26
2021-22,23+,87,775.17,87,775.17
2021-22,23+,88,784.08,88,784.08
2021-22,23+,89,792.99,89,792.99
2021-22,23+,90,801.9,90,801.9
2021-22,23+,91,810.81,91,810.81
2021-22,23+,92,819.72,92,819.72
2021-22,23+,93,828.63,93,828.63
2021-22,23+,94,837.54,94,837.54
2021-22,23+,95,846.45,95,846.45
2021-22,23+,96,855.36,96,855.36
2021-22,23+,97,864.27,97,864.27
2021-22,21-22,0,0,0,0
2021-22,21-22,1,8.36,1,8.36
2021-22,21-22,2,16.72,2,16.72
2021-22,21-22,3,25.08,3,25.08
2021-22,21-22,4,33.44,4,33.44
2021-22,21-22,5,41.8,5,41.8
2021-22,21-22,6,50.16,6,50.16
2021-22,21-22,7,58.52,7,58.52
2021-22,21-22,8,66.88,8,66.88
2021-22,21-22,9,75.24,9,75.24
2021-22,21-22,10,83.6,10,83.6
2021-22,21-22,11,91.96,11,91.96
2021-22,21-22,12,100.32,12,100.32
2021-22,21-22,13,108.68,13,108.68
2021-22,21-22,14,117.04,14,117.04
2021-22,21-22,15,125.4,15,125.4
2021-22,21-22,16,133.76,16,133.76
2021-22,21-22,17,142.12,17,142.12
2021-22,21-22,18,150.48,18,150.48
2021-22,21-22,19,158.84,19,158.84
2021-22,21-22,20,167.2,20,167.2
2021-22,21-22,21,175.56,21,175.56
2021-22,21-22,22,183.92,22,183.92
2021-22,21-22,23,192.28,23,192.28
2021-22,21-22,24,200.64,24,200.64
2021-22,21-22,25,209,25,209
2021-22,21-22,26,217.36,26,217.36
2021-22,21-22,27,225.72,27,225.72
2021-22,21-22,28,234.08,28,234.08
2021-22,21-22,29,242.44,29,242.44
2021-22,21-22,30,250.8,30,250.8
2021-22,21-22,31,259.16,31,259.16
2021-22,21-22,32,267.52,32,267.52
2021-22,21-22,33,275.88,33,275.88
2021-22,21-22,34,284.24,34,284.24
2021-22,21-22,35,292.6,35,292.6
2021-22,21-22,36,300.96,36,300.96
2021-22,21-22,37,309.32,37,309.32
2021-22,21-22,38,317.68,38,317.68
2021-22,21-22,39,326.04,39,326.04
2021-22,21-22,40,334.4,40,334.4
2021-22,21-22,41,342.76,41,342.76
2021-22,21-22,42,351.12,42,351.12
2021-22,21-22,43,359.48,43,359.48
2021-22,21-22,44,367.84,44,367.84
2021-22,21-22,45,376.2,45,376.2
2021-22,21-22,46,384.56,46,384.56
2021-22,21-22,47,392.92,47,392.92
2021-22,21-22,48,401.28,48,401.28
2021-22,21-22,49,409.64,49,409.64
2021-22,21-22,50,418,50,418
2021-22,21-22,51,426.36,51,426.36
2021-22,21-22,52,434.72,52,434.72
2021-22,21-22,53,443.08,53,443.08
2021-22,21-22,54,451.44,54,451.44
2021-22,21-22,55,459.8,55,459.8
2021-22,21-22,56,468.16,56,468.16
2021-22,21-22,57,476.52,57,476.52
2021-22,21-22,58,484.88,58,484.88
2021-22,21-22,59,493.24,59,493.24
2021-22,21-22,60,501.6,60,501.6
2021-22,21-22,61,509.96,61,509.96
2021-22,21-22,62,518.32,62,518.32
2021-22,21-22,63,526.68,63,526.68
2021-22,21-22,64,535.04,64,535.04
2021-22,21-22,65,543.4,65,543.4
2021-22,21-22,66,551.76,66,551.76
2021-22,21-22,67,560.12,67,560.12
2021-22,21-22,68,568.48,68,568.48
2021-22,21-22,69,576.84,69,576.84
2021-22,21-22,70,585.2,70,585.2
2021-22,21-22,71,593.56,71,593.56
2021-22,21-22,72,601.92,72,601.92
2021-22,21-22,73,610.28,73,610.28
2021-22,21-22,74,618.64,74,618.64
2021-22,21-22,75,627,75,627
2021-22,21-22,76,635.36,76,635.36
2021-22,21-22,77,643.72,77,643.72
2021-22,21-22,78,652.08,78,652.08
2021-22,21-22,79,660.44,79,660.44
2021-22,21-22,80,668.8,80,668.8
2021-22,21-22,81,677.16,81,677.16
2021-22,21-22,82,685.52,82,685.52
2021-22,21-22,83,693.88,83,693.88
2021-22,21-22,84,702.24,84,702.24
2021-22,21-22,85,710.6,85,710.6
2021-22,21-22,86,718.96,86,718.96
2021-22,21-22,87,727.32,87,727.32
2021-22,21-22,88,735.68,88,735.68
2021-22,21-22,89,744.04,89,744.04
2021-22,21-22,90,752.4,90,752.4
2021-22,21-22,91,760.76,91,760.76
2021-22,21-22,92,769.12,92,769.12
2021-22,21-22,93,777.48,93,777.48
2021-22,21-22,94,785.84,94,785.84
2021-22,21-22,95,794.2,95,794.2
2021-22,21-22,96,802.56,96,802.56
2021-22,21-22,97,810.92,97,810.92
2021-22,18-20,0,0,0,0
2021-22,18-20,1,6.56,1,6.56
2021-22,18-20,2,13.12,2,13.12
2021-22,18-20,3,19.68,3,19.68
2021-22,18-20,4,26.24,4,26.24
2021-22,18-20,5,32.8,5,32.8
2021-22,18-20,6,39.36,6,39.36
2021-22,18-20,7,45.92,7,45.92
2021-22,18-20,8,52.48,8,52.48
2021-22,18-20,9,59.04,9,59.04
2021-22,18-20,10,65.6,10,65.6
2021-22,18-20,11,72.16,11,72.16
2021-22,18-20,12,78.72,12,78.72
2021-22,18-20,13,85.28,13,85.28
2021-22,18-20,14,91.84,14,91.84
2021-22,18-20,15,98.4,15,98.4
2021-22,18-20,16,104.96,16,104.96
2021-22,18-20,17,111.52,17,111.52
2021-22,18-20,18,118.08,18,118.08
2021-22,18-20,19,124.64,19,124.64
2021-22,18-20,20,131.2,20,131.2
2021-22,18-20,21,137.76,21,137.76
2021-22,18-20,22,144.32,22,144.32
2021-22,18-20,23,150.88,23,150.88
2021-22,18-20,24,157.44,24,157.44
2021-22,18-20,25,164,25,164
2021-22,18-20,26,170.56,26,170.56
2021-22,18-20,27,177.12,27,177.12
2021-22,18-20,28,183.68,28,183.68
2021-22,18-20,29,190.24,29,190.24
2021-22,18-20,30,196.8,30,196.8
2021-22,18-20,31,203.36,31,203.36
2021-22,18-20,32,209.92,32,209.92
2021-22,18-20,33,216.48,33,216.48
2021-22,18-20,34,223.04,34,223.04
2021-22,18-20,35,229.6,35,229.6
2021-22,18-20,36,236.16,36,236.16
2021-22,18-20,37,242.72,37,242.72
2021-22,18-20,38,249.28,38,249.28
2021-22,18-20,39,255.84,39,255.84
2021-22,18-20,40,262.4,40,262.4
2021-22,18-20,41,268.96,41,268.96
2021-22,18-20,42,275.52,42,275.52
2021-22,18-20,43,282.08,43,282.08
2021-22,18-20,44,288.64,44,288.64
2021-22,18-20,45,295.2,45,295.2
2021-22,18-20,46,301.76,46,301.76
2021-22,18-20,47,308.32,47,308.32
2021-22,18-20,48,314.88,48,314.88
2021-22,18-20,49,321.44,49,321.44
2021-22,18-20,50,328,50,328
2021-22,18-20,51,334.56,51,334.56
2021-22,18-20,52,341.12,52,341.12
2021-22,18-20,53,347.68,53,347.68
2021-22,18-20,54,354.24,54,354.24
2021-22,18-20,55,360.8,55,360.8
2021-22,18-20,56,367.36,56,367.36
2021-22,18-20,57,373.92,57,373.92
2021-22,18-20,58,380.48,58,380.48
2021-22,18-20,59,387.04,59,387.04
2021-22,18-20,60,393.6,60,393.6
2021-22,18-20,61,400.16,61,400.16
2021-22,18-20,62,406.72,62,406.72
2021-22,18-20,63,413.28,63,413.28
2021-22,18-20,64,419.84,64,419.84
2021-22,18-20,65,426.4,65,426.4
2021-22,18-20,66,432.96,66,432.96
2021-22,18-20,67,439.52,67,439.52
2021-22,18-20,68,446.08,68,446.08
2021-22,18-20,69,452.64,69,452.64
2021-22,18-20,70,459.2,70,459.2
2021-22,18-20,71,465.76,71,465.76
2021-22,18-20,72,472.32,72,472.32
2021-22,18-20,73,478.88,73,478.88
2021-22,18-20,74,485.44,74,485.44
2021-22,18-20,75,492,75,492
2021-22,18-20,76,498.56,76,498.56
2021-22,18-20,77,505.12,77,505.12
2021-22,18-20,78,511.68,78,511.68
2021-22,18-20,79,518.24,79,518.24
2021-22,18-20,80,524.8,80,524.8
2021-22,18-20,81,531.36,81,531.36
2021-22,18-20,82,537.92,82,537.92
2021-22,18-20,83,544.48,83,544.48
2021-22,18-20,84,551.04,84,551.04
2021-22,18-20,85,557.6,85,557.6
2021-22,18-20,86,564.16,86,564.16
2021-22,18-20,87,570.72,87,570.72
2021-22,18-20,88,577.28,88,577.28
2021-22,18-20,89,583.84,89,583.84
2021-22,18-20,90,590.4,90,590.4
2021-22,18-20,91,596.96,91,596.96
2021-22,18-20,92,603.52,92,603.52
2021-22,18-20,93,610.08,93,610.08
2021-22,18-20,94,616.64,94,616.64
2021-22,18-20,95,623.2,95,623.2
2021-22,18-20,96,629.76,96,629.76
2021-22,18-20,97,636.32,97,636.32
2021-22,16-17,0,0,0,0
2021-22,16-17,1,4.62,1,4.62
2021-22,16-17,2,9.24,2,9.24
2021-22,16-17,3,13.86,3,13.86
2021-22,16-17,4,18.48,4,18.48
2021-22,16-17,5,23.1,5,23.1
2021-22,16-17,6,27.72,6,27.72
2021-22,16-17,7,32.34,7,32.34
2021-22,16-17,8,36.96,8,36.96
2021-22,16-17,9,41.58,9,41.58
2021-22,16-17,10,46.2,10,46.2
2021-22,16-17,11,50.82,11,50.82
2021-22,16-17,12,55.44,12,55.44
2021-22,16-17,13,60.06,13,60.06
2021-22,16-17,14,64.68,14,64.68
2021-22,16-17,15,69.3,15,69.3
2021-22,16-17,16,73.92,16,73.92
2021-22,16-17,17,78.54,17,78.54
2021-22,16-17,18,83.16,18,83.16
2021-22,16-17,19,87.78,19,87.78
2021-22,16-17,20,92.4,20,92.4
2021-22,16-17,21,97.02,21,97.02
2021-22,16-17,22,101.64,22,101.64
2021-22,16-17,23,106.26,23,106.26
2021-22,16-17,24,110.88,24,110.88
2021-22,16-17,25,115.5,25,115.5
2021-22,16-17,26,120.12,26,120.12
2021-22,16-17,27,124.74,27,124.74
2021-22,16-17,28,129.36,28,129.36
2021-22,16-17,29,133.98,29,133.98
2021-22,16-17,30,138.6,30,138.6
2021-22,16-17,31,143.22,31,143.22
2021-22,16-17,32,147.84,32,147.84
2021-22,16-17,33,152.46,33,152.46
2021-22,16-17,34,157.08,34,157.08
2021-22,16-17,35,161.7,35,161.7
2021-22,16-17,36,166.32,36,166.32
2021-22,16-17,37,170.94,37,170.94
2021-22,16-17,38,175.56,38,175.56
2021-22,16-17,39,180.18,39,180.18
2021-22,16-17,40,184.8,40,184.8
2021-22,16-17,41,189.42,41,189.42
2021-22,16-17,42,194.04,42,194.04
2021-22,16-17,43,198.66,43,198.66
2021-22,16-17,44,203.28,44,203.28
2021-22,16-17,45,207.9,45,207.9
2021-22,16-17,46,212.52,46,212.52
2021-22,16-17,47,217.14,47,217.14
2021-22,16-17,48,221.76,48,221.76
2021-22,16-17,49,226.38,49,226.38
2021-22,16-17,50,231,50,231
2021-22,16-17,51,235.62,51,235.62
2021-22,16-17,52,240.24,52,240.24
2021-22,16-17,53,244.86,53,244.86
2021-22,16-17,54,249.48,54,249.48
2021-22,16-17,55,254.1,55,254.1
2021-22,16-17,56,258.72,56,258.72
2021-22,16-17,57,263.34,57,263.34
2021-22,16-17,58,267.96,58,267.96
2021-22,16-17,59,272.58,59,272.58
2021-22,16-17,60,277.2,60,277.2
2021-22,16-17,61,281.82,61,281.82
2021-22,16-17,62,286.44,62,286.44
2021-22,16-17,63,291.06,63,291.06
2021-22,16-17,64,295.68,64,295.68
2021-22,16-17,65,300.3,65,300.3
2021-22,16-17,66,304.92,66,304.92
2021-22,16-17,67,309.54,67,309.54
2021-22,16-17,68,314.16,68,314.16
2021-22,16-17,69,318.78,69,318.78
2021-22,16-17,70,323.4,70,323.4
2021-22,16-17,71,328.02,71,328.02
2021-22,16-17,72,332.64,72,332.64
2021-22,16-17,73,337.26,73,337.26
2021-22,16-17,74,341.88,74,341.88
2021-22,16-17,75,346.5,75,346.5
2021-22,16-17,76,351.12,76,351.12
2021-22,16-17,77,355.74,77,355.74
2021-22,16-17,78,360.36,78,360.36
2021-22,16-17,79,364.98,79,364.98
2021-22,16-17,80,369.6,80,369.6
2021-22,16-17,81,374.22,81,374.22
2021-22,16-17,82,378.84,82,378.84
2021-22,16-17,83,383.46,83,383.46
2021-22,16-17,84,388.08,84,388.08
2021-22,16-17,85,392.7,85,392.7
2021-22,16-17,86,397.32,86,397.32
2021-22,16-17,87,401.94,87,401.94
2021-22,16-17,88,406.56,88,406.56
2021-22,16-17,89,411.18,89,411.18
2021-22,16-17,90,415.8,90,415.8
2021-22,16-17,91,420.42,91,420.42
2021-22,16-17,92,425.04,92,425.04
2021-22,16-17,93,429.66,93,429.66
2021-22,16-17,94,434.28,94,434.28
2021-22,16-17,95,438.9,95,438.9
2021-22,16-17,96,443.52,96,443.52
2021-22,16-17,97,448.14,97,448.14
2020-21,23+,0,0,0,0
2020-21,23+,1,8.72,1,8.72
2020-21,23+,2,17.44,2,17.44
2020-21,23+,3,26.16,3,26.16
2020-21,23+,4,34.88,4,34.88
2020-21,23+,5,43.6,5,43.6
2020-21,23+,6,52.32,6,52.32
2020-21,23+,7,61.04,7,61.04
2020-21,23+,8,69.76,8,69.76
2020-21,23+,9,78.48,9,78.48
2020-21,23+,10,87.2,10,87.2
2020-21,23+,11,95.92,11,95.92
2020-21,23+,12,104.64,12,104.64
2020-21,23+,13,113.36,13,113.36
2020-21,23+,14,122.08,14,122.08
2020-21,23+,15,130.8,15,130.8
2020-21,23+,16,139.52,16,139.52
2020-21,23+,17,148.24,17,148.24
2020-21,23+,18,156.96,18,156.96
2020-21,23+,19,165.68,19,165.68
2020-21,23+,20,174.4,20,174.4
2020-21,23+,21,183.12,21,183.12
2020-21,23+,22,191.84,22,191.84
2020-21,23+,23,200.56,23,200.56
2020-21,23+,24,209.28,24,209.28
2020-21,23+,25,218,25,218
2020-21,23+,26,226.72,26,226.72
2020-21,23+,27,235.44,27,235.44
2020-21,23+,28,244.16,28,244.16
2020-21,23+,29,252.88,29,252.88
2020-21,23+,30,261.6,30,261.6
2020-21,23+,31,270.32,31,270.32
2020-21,23+,32,279.04,32,279.04
2020-21,23+,33,287.76,33,287.76
2020-21,23+,34,296.48,34,296.48
2020-21,23+,35,305.2,35,305.2
2020-21,23+,36,313.92,36,313.92
2020-21,23+,37,322.64,37,322.64
2020-21,23+,38,331.36,38,331.36
2020-21,23+,39,340.08,39,340.08
2020-21,23+,40,348.8,40,348.8
2020-21,23+,41,357.52,41,357.52
2020-21,23+,42,366.24,42,366.24
2020-21,23+,43,374.96,43,374.96
2020-21,23+,44,383.68,44,383.68
2020-21,23+,45,392.4,45,392.4
2020-21,23+,46,401.12,46,401.12
2020-21,23+,47,409.84,47,409.84
2020-21,23+,48,418.56,48,418.56
2020-21,23+,49,427.28,49,427.28
2020-21,23+,50,436,50,436
2020-21,23+,51,444.72,51,444.72
2020-21,23+,52,453.44,52,453.44
2020-21,23+,53,462.16,53,462.16
2020-21,23+,54,470.88,54,470.88
2020-21,23+,55,479.6,55,479.6
2020-21,23+,56,488.32,56,488.32
2020-21,23+,57,497.04,57,497.04
2020-21,23+,58,505.76,58,505.76
2020-21,23+,59,514.48,59,514.48
2020-21,23+,60,523.2,60,523.2
2020-21,23+,61,531.92,61,531.92
2020-21,23+,62,540.64,62,540.64
2020-21,23+,63,549.36,63,549.36
2020-21,23+,64,558.08,64,558.08
2020-21,23+,65,566.8,65,566.8
2020-21,23+,66,575.52,66,575.52
2020-21,23+,67,584.24,67,584.24
2020-21,23+,68,592.96,68,592.96
2020-21,23+,69,601.68,69,601.68
2020-21,23+,70,610.4,70,610.4
2020-21,23+,71,619.12,71,619.12
2020-21,23+,72,627.84,72,627.84
2020-21,23+,73,636.56,73,636.56
2020-21,23+,74,645.28,74,645.28
2020-21,23+,75,654,75,654
2020-21,23+,76,662.72,76,662.72
2020-21,23+,77,671.44,77,671.44
2020-21,23+,78,680.16,78,680.16
2020-21,23+,79,688.88,79,688.88
2020-21,23+,80,697.6,80,697.6
2020-21,23+,81,706.32,81,706.32
2020-21,23+,82,715.04,82,715.04
2020-21,23+,83,723.76,83,723.76
2020-21,23+,84,732.48,84,732.48
2020-21,23+,85,741.2,85,741.2
2020-21,23+,86,749.92,86,749.92
2020-21,23+,87,758.64,87,758.64
2020-21,23+,88,767.36,88,767.36
2020-21,23+,89,776.08,89,776.08
2020-21,23+,90,784.8,90,784.8
2020-21,23+,91,793.52,91,793.52
2020-21,23+,92,802.24,92,802.24
2020-21,23+,93,810.96,93,810.96
2020-21,23+,94,819.68,94,819.68
2020-21,23+,95,828.4,95,828.4
2020-21,23+,96,837.12,96,837.12
2020-21,23+,97,845.84,97,845.84
2020-21,21-22,0,0,0,0
2020-21,21-22,1,8.2,1,8.2
2020-21,21-22,2,16.4,2,16.4
2020-21,21-22,3,24.6,3,24.6
2020-21,21-22,4,32.8,4,32.8
2020-21,21-22,5,41,5,41
2020-21,21-22,6,49.2,6,49.2
2020-21,21-22,7,57.4,7,57.4
2020-21,21-22,8,65.6,8,65.6
2020-21,21-22,9,73.8,9,73.8
2020-21,21-22,10,82,10,82
2020-21,21-22,11,90.2,11,90.2
2020-21,21-22,12,98.4,12,98.4
2020-21,21-22,13,106.6,13,106.6
2020-21,21-22,14,114.8,14,114.8
2020-21,21-22,15,123,15,123
2020-21,21-22,16,131.2,16,131.2
2020-21,21-22,17,139.4,17,139.4
2020-21,21-22,18,147.6,18,147.6
2020-21,21-22,19,155.8,19,155.8
2020-21,21-22,20,164,20,164
2020-21,21-22,21,172.2,21,172.2
2020-21,21-22,22,180.4,22,180.4
2020-21,21-22,23,188.6,23,188.6
2020-21,21-22,24,196.8,24,196.8
2020-21,21-22,25,205,25,205
2020-21,21-22,26,213.2,26,213.2
2020-21,21-22,27,221.4,27,221.4
2020-21,21-22,28,229.6,28,229.6
2020-21,21-22,29,237.8,29,237.8
2020-21,21-22,30,246,30,246
2020-21,21-22,31,254.2,31,254.2
2020-21,21-22,32,262.4,32,262.4
2020-21,21-22,33,270.6,33,270.6
2020-21,21-22,34,278.8,34,278.8
2020-21,21-22,35,287,35,287
2020-21,21-22,36,295.2,36,295.2
2020-21,21-22,37,303.4,37,303.4
2020-21,21-22,38,311.6,38,311.6
2020-21,21-22,39,319.8,39,319.8
2020-21,21-22,40,328,40,328
2020-21,21-22,41,336.2,41,336.2
2020-21,21-22,42,344.4,42,344.4
2020-21,21-22,43,352.6,43,352.6
2020-21,21-22,44,360.8,44,360.8
2020-21,21-22,45,369,45,369
2020-21,21-22,46,377.2,46,377.2
2020-21,21-22,47,385.4,47,385.4
2020-21,21-22,48,393.6,48,393.6
2020-21,21-22,49,401.8,49,401.8
2020-21,21-22,50,410,50,410
2020-21,21-22,51,418.2,51,418.2
2020-21,21-22,52,426.4,52,426.4
2020-21,21-22,53,434.6,53,434.6
2020-21,21-22,54,442.8,54,442.8
2020-21,21-22,55,451,55,451
2020-21,21-22,56,459.2,56,459.2
2020-21,21-22,57,467.4,57,467.4
2020-21,21-22,58,475.6,58,475.6
2020-21,21-22,59,483.8,59,483.8
2020-21,21-22,60,492,60,492
2020-21,21-22,61,500.2,61,500.2
2020-21,21-22,62,508.4,62,508.4
2020-21,21-22,63,516.6,63,516.6
2020-21,21-22,64,524.8,64,524.8
2020-21,21-22,65,533,65,533
2020-21,21-22,66,541.2,66,541.2
2020-21,21-22,67,549.4,67,549.4
2020-21,21-22,68,557.6,68,557.6
2020-21,21-22,69,565.8,69,565.8
2020-21,21-22,70,574,70,574
2020-21,21-22,71,582.2,71,582.2
2020-21,21-22,72,590.4,72,590.4
2020-21,21-22,73,598.6,73,598.6
2020-21,21-22,74,606.8,74,606.8
2020-21,21-22,75,615,75,615
2020-21,21-22,76,623.2,76,623.2
2020-21,21-22,77,631.4,77,631.4
2020-21,21-22,78,639.6,78,639.6
2020-21,21-22,79,647.8,79,647.8
2020-21,21-22,80,656,80,656
2020-21,21-22,81,664.2,81,664.2
2020-21,21-22,82,672.4,82,672.4
2020-21,21-22,83,680.6,83,680.6
2020-21,21-22,84,688.8,84,688.8
2020-21,21-22,85,697,85,697
2020-21,21-22,86,705.2,86,705.2
2020-21,21-22,87,713.4,87,713.4
2020-21,21-22,88,721.6,88,721.6
2020-21,21-22,89,729.8,89,729.8
2020-21,21-22,90,738,90,738
2020-21,21-22,91,746.2,91,746.2
2020-21,21-22,92,754.4,92,754.4
2020-21,21-22,93,762.6,93,762.6
2020-21,21-22,94,770.8,94,770.8
2020-21,21-22,95,779,95,779
2020-21,21-22,96,787.2,96,787.2
2020-21,21-22,97,795.4,97,795.4
2020-21,18-20,0,0,0,0
2020-21,18-20,1,6.45,1,6.45
2020-21,18-20,2,12.9,2,12.9
2020-21,18-20,3,19.35,3,19.35
2020-21,18-20,4,25.8,4,25.8
2020-21,18-20,5,32.25,5,32.25
2020-21,18-20,6,38.7,6,38.7
2020-21,18-20,7,45.15,7,45.15
2020-21,18-20,8,51.6,8,51.6
2020-21,18-20,9,58.05,9,58.05
2020-21,18-20,10,64.5,10,64.5
2020-21,18-20,11,70.95,11,70.95
2020-21,18-20,12,77.4,12,77.4
2020-21,18-20,13,83.85,13,83.85
2020-21,18-20,14,90.3,14,90.3
2020-21,18-20,15,96.75,15,96.75
2020-21,18-20,16,103.2,16,103.2
2020-21,18-20,17,109.65,17,109.65
2020-21,18-20,18,116.1,18,116.1
2020-21,18-20,19,122.55,19,122.55
2020-21,18-20,20,129,20,129
2020-21,18-20,21,135.45,21,135.45
2020-21,18-20,22,141.9,22,141.9
2020-21,18-20,23,148.35,23,148.35
2020-21,18-20,24,154.8,24,154.8
2020-21,18-20,25,161.25,25,161.25
2020-21,18-20,26,167.7,26,167.7
2020-21,18-20,27,174.15,27,174.15
2020-21,18-20,28,180.6,28,180.6
2020-21,18-20,29,187.05,29,187.05
2020-21,18-20,30,193.5,30,193.5
2020-21,18-20,31,199.95,31,199.95
2020-21,18-20,32,206.4,32,206.4
2020-21,18-20,33,212.85,33,212.85
2020-21,18-20,34,219.3,34,219.3
2020-21,18-20,35,225.75,35,225.75
2020-21,18-20,36,232.2,36,232.2
2020-21,18-20,37,238.65,37,238.65
2020-21,18-20,38,245.1,38,245.1
2020-21,18-20,39,251.55,39,251.55
2020-21,18-20,40,258,40,258
2020-21,18-20,41,264.45,41,264.45
2020-21,18-20,42,270.9,42,270.9
2020-21,18-20,43,277.35,43,277.35
2020-21,18-20,44,283.8,44,283.8
2020-21,18-20,45,290.25,45,290.25
2020-21,18-20,46,296.7,46,296.7
2020-21,18-20,47,303.15,47,303.15
2020-21,18-20,48,309.6,48,309.6
2020-21,18-20,49,316.05,49,316.05
2020-21,18-20,50,322.5,50,322.5
2020-21,18-20,51,328.95,51,328.95
2020-21,18-20,52,335.4,52,335.4
2020-21,18-20,53,341.85,53,341.85
2020-21,18-20,54,348.3,54,348.3
2020-21,18-20,55,354.75,55,354.75
2020-21,18-20,56,361.2,56,361.2
2020-21,18-20,57,367.65,57,367.65
2020-21,18-20,58,374.1,58,374.1
2020-21,18-20,59,380.55,59,380.55
2020-21,18-20,60,387,60,387
2020-21,18-20,61,393.45,61,393.45
2020-21,18-20,62,399.9,62,399.9
2020-21,18-20,63,406.35,63,406.35
2020-21,18-20,64,412.8,64,412.8
2020-21,18-20,65,419.25,65,419.25
2020-21,18-20,66,425.7,66,425.7
2020-21,18-20,67,432.15,67,432.15
2020-21,18-20,68,438.6,68,438.6
2020-21,18-20,69,445.05,69,445.05
2020-21,18-20,70,451.5,70,451.5
2020-21,18-20,71,457.95,71,457.95
2020-21,18-20,72,464.4,72,464.4
2020-21,18-20,73,470.85,73,470.85
2020-21,18-20,74,477.3,74,477.3
2020-21,18-20,75,483.75,75,483.75
2020-21,18-20,76,490.2,76,490.2
2020-21,18-20,77,496.65,77,496.65
2020-21,18-20,78,503.1,78,503.1
2020-21,18-20,79,509.55,79,509.55
2020-21,18-20,80,516,80,516
2020-21,18-20,81,522.45,81,522.45
2020-21,18-20,82,528.9,82,528.9
2020-21,18-20,83,535.35,83,535.35
2020-21,18-20,84,541.8,84,541.8
2020-21,18-20,85,548.25,85,548.25
2020-21,18-20,86,554.7,86,554.7
2020-21,18-20,87,561.15,87,561.15
2020-21,18-20,88,567.6,88,567.6
2020-21,18-20,89,574.05,89,574.05
2020-21,18-20,90,580.5,90,580.5
2020-21,18-20,91,586.95,91,586.95
2020-21,18-20,92,593.4,92,593.4
2020-21,18-20,93,599.85,93,599.85
2020-21,18-20,94,606.3,94,606.3
2020-21,18-20,95,612.75,95,612.75
2020-21,18-20,96,619.2,96,619.2
2020-21,18-20,97,625.65,97,625.65
2020-21,16-17,0,0,0,0
2020-21,16-17,1,4.55,1,4.55
2020-21,16-17,2,9.1,2,9.1
2020-21,16-17,3,13.65,3,13.65
2020-21,16-17,4,18.2,4,18.2
2020-21,16-17,5,22.75,5,22.75
2020-21,16-17,6,27.3,6,27.3
2020-21,16-17,7,31.85,7,31.85
2020-21,16-17,8,36.4,8,36.4
2020-21,16-17,9,40.95,9,40.95
2020-21,16-17,10,45.5,10,45.5
2020-21,16-17,11,50.05,11,50.05
2020-21,16-17,12,54.6,12,54.6
2020-21,16-17,13,59.15,13,59.15
2020-21,16-17,14,63.7,14,63.7
2020-21,16-17,15,68.25,15,68.25
2020-21,16-17,16,72.8,16,72.8
2020-21,16-17,17,77.35,17,77.35
2020-21,16-17,18,81.9,18,81.9
2020-21,16-17,19,86.45,19,86.45
2020-21,16-17,20,91,20,91
2020-21,16-17,21,95.55,21,95.55
2020-21,16-17,22,100.1,22,100.1
2020-21,16-17,23,104.65,23,104.65
2020-21,16-17,24,109.2,24,109.2
2020-21,16-17,25,113.75,25,113.75
2020-21,16-17,26,118.3,26,118.3
2020-21,16-17,27,122.85,27,122.85
2020-21,16-17,28,127.4,28,127.4
2020-21,16-17,29,131.95,29,131.95
2020-21,16-17,30,136.5,30,136.5
2020-21,16-17,31,141.05,31,141.05
2020-21,16-17,32,145.6,32,145.6
2020-21,16-17,33,150.15,33,150.15
2020-21,16-17,34,154.7,34,154.7
2020-21,16-17,35,159.25,35,159.25
2020-21,16-17,36,163.8,36,163.8
2020-21,16-17,37,168.35,37,168.35
2020-21,16-17,38,172.9,38,172.9
2020-21,16-17,39,177.45,39,177.45
2020-21,16-17,40,182,40,182
2020-21,16-17,41,186.55,41,186.55
2020-21,16-17,42,191.1,42,191.1
2020-21,16-17,43,195.65,43,195.65
2020-21,16-17,44,200.2,44,200.2
2020-21,16-17,45,204.75,45,204.75
2020-21,16-17,46,209.3,46,209.3
2020-21,16-17,47,213.85,47,213.85
2020-21,16-17,48,218.4,48,218.4
2020-21,16-17,49,222.95,49,222.95
2020-21,16-17,50,227.5,50,227.5
2020-21,16-17,51,232.05,51,232.05
2020-21,16-17,52,236.6,52,236.6
2020-21,16-17,53,241.15,53,241.15
2020-21,16-17,54,245.7,54,245.7
2020-21,16-17,55,250.25,55,250.25
2020-21,16-17,56,254.8,56,254.8
2020-21,16-17,57,259.35,57,259.35
2020-21,16-17,58,263.9,58,263.9
2020-21,16-17,59,268.45,59,268.45
2020-21,16-17,60,273,60,273
2020-21,16-17,61,277.55,61,277.55
2020-21,16-17,62,282.1,62,282.1
2020-21,16-17,63,286.65,63,286.65
2020-21,16-17,64,291.2,64,291.2
2020-21,16-17,65,295.75,65,295.75
2020-21,16-17,66,300.3,66,300.3
2020-21,16-17,67,304.85,67,304.85
2020-21,16-17,68,309.4,68,309.4
2020-21,16-17,69,313.95,69,313.95
2020-21,16-17,70,318.5,70,318.5
2020-21,16-17,71,323.05,71,323.05
2020-21,16-17,72,327.6,72,327.6
2020-21,16-17,73,332.15,73,332.15
2020-21,16-17,74,336.7,74,336.7
2020-21,16-17,75,341.25,75,341.25
2020-21,16-17,76,345.8,76,345.8
2020-21,16-17,77,350.35,77,350.35
2020-21,16-17,78,354.9,78,354.9
2020-21,16-17,79,359.45,79,359.45
2020-21,16-17,80,364,80,364
2020-21,16-17,81,368.55,81,368.55
2020-21,16-17,82,373.1,82,373.1
2020-21,16-17,83,377.65,83,377.65
2020-21,16-17,84,382.2,84,382.2
2020-21,16-17,85,386.75,85,386.75
2020-21,16-17,86,391.3,86,391.3
2020-21,16-17,87,395.85,87,395.85
2020-21,16-17,88,400.4,88,400.4
2020-21,16-17,89,404.95,89,404.95
2020-21,16-17,90,409.5,90,409.5
2020-21,16-17,91,414.05,91,414.05
2020-21,16-17,92,418.6,92,418.6
2020-21,16-17,93,423.15,93,423.15
2020-21,16-17,94,427.7,94,427.7
2020-21,16-17,95,432.25,95,432.25
2020-21,16-17,96,436.8,96,436.8
2020-21,16-17,97,441.35,97,441.35
